ckt1q9gry5zgvkprd780vqhlspq8gq5j0engkvwaqj350nxwq8,ckb1qyqxtq3klrhkqtlcqsr5q2f8ue5tx8wsfg6qe3xqq6
ckt1q9gry5zgj5qxtpa9zx5gtwr9wuelzcf5skz9upjjrpp3kw,ckb1qyqf2qr9s7j3r2y9hpjhwvl3vy6gtpz7qefq6nt2wq
ckt1q9gry5zgrtjfnf34emdw8uv7q8tmln3jscljv20y4skprh,ckb1qyqp4eye5c6uakhr7x0qr4alecegv0ex98jq7pa5zl
ckt1q9gry5zgulknfcehkfz369kr3nd85z9765g5cdgjvefvdn,ckb1qyqw0mf5uvmmy3gazmpcekn6pzld2y2vx5fqz6jyh9
ckt1q9gry5zgjs97qlzc46sygk2sd08e73t2xn8tztx669ujhy,ckb1qyqfgzlq03v2agzyt9gxhnulg44rfn439ndqmxlqmm
ckt1q9gry5zgfg6x29ak0zpfm44kfduhz9l9c0d7guwrmp9dy3,ckb1qyqy5dr9z7m83q5a66myk7t3zlju8klyw8psufuskg
ckt1q9gry5zgxe6hguajz2mdstxuznrg4gj97elpymk4cnz52c,ckb1qyqrvat5wwep9dkc9nwpf3525fzlvlsjdm2slnv5te
ckt1q9gry5zgqqq6e3ch6epyaeh0mkzwp3d7lw8yf2yulvvjtk,ckb1qyqqqqdvcutavsjwumhamp8qckl0hrjy4zwqzlw9pc
ckt1q9gry5zgdtduqtvkgvj0swlhzhea9hygxg4g4hwvqs4rxg,ckb1qyqx4k7q9ktyxf8c80m3tu7jmjyry252mhxqase72f
ckt1q9gry5zggw7l7dmzv3xl62ksknkfyvr7pz5u44tvmwmj60,ckb1qyqy800lxa3xgn0a9tgtfmyjxplq32w264kqcjvwdx
ckt1q9gry5zg3uqqwsychfg2d8dv38p3yzdnj8x8lf5hwrvr92,ckb1qyqg7qq8gzvt559xnkkgnscjpxeernrl56tsf4nfsp
ckt1q9gry5zgxjxdk0khy55yfp4jkmd85ltx5dap3awqsxj44z,ckb1qyqrfrxm8mtj22zys6etdkn604n2x7sc7hqq53d3e7
ckt1q9gry5zg8hnxux5qn2fqvkq73l7zv6k6kex5jw6d5dpwg3,ckb1qyqrmenwr2qf4ysxtq0gllpxdtdtvn2f8dxs80gkhg
ckt1q9gry5zgz9g969hdlan7zkpnplhe4lp9xz9cu9epf2afwp,ckb1qyqpz5zazmkl7elptqeslmu6lsjnpzuwzussxe8w5m
ckt1q9gry5zgaxqw54l5g22qtrzfzdcf7n53j9r6aq9p4gedz0,ckb1qyqwnq822l6y99q933y3xuylf6gez3awszssk8spvx
ckt1q9gry5zgxq6u0jxqr6enlpnulmdk4hq4tgs972hyh2zsh7,ckb1qyqrqdw8erqpavelse70akm2ms245gzl9tjqg22sq3
ckt1q9gry5zg3rfmguaw6v6d9p3c7c2ma4rpftjunucmqevlkt,ckb1qyqg35a5wwhdxdxjscu0v9d763s54ewf7vds2q6g9a
ckt1q9gry5zgmahervyg6m70fwtfpcf5jdat8k96pzryueq75f,ckb1qyqd7mu3kzyddl85h95suy6fx74nmzaq3pjql47y3p
ckt1q9gry5zgmjg3an5ftz5wvwff0dmtmy8f0q9md57h4pn35g,ckb1qyqdeyg7e6y4328x8y5hka4ajr5hszak60ts83ve2h
ckt1q9gry5zgcfutwt6c3hxtuyrs0mjtsjrwmxg85wr3hrtcsn,ckb1qyqvy79h9avgmn97zpc8ae9cfphdnyr68pcsznh05y
ckt1q9gry5zg5aywzxc99xa9zcpuswf799m8qp2mjfuul35fpw,ckb1qyq2wj8prvzjnwj3vq7g8ylzjansq4dey7wqlkt7rc
ckt1q9gry5zg27xvqskvy72jrqztukrharlgdc2ttvjmzusc6z,ckb1qyq90rxqgtxz09fpsp97tpm73l5xu994kfdsc9ckwp
ckt1q9gry5zgmfjggskmku68u3nar5ya5yl9e5aqau8pgv7hen,ckb1qyqd5eyygtdmwdr7ge736zw6z0ju6wsw7rsspzh8q9
ckt1q9gry5zgumakwak3hjlq9g6hd839938dyh8ay5ccmwar8s,ckb1qyqwd7m8wmgme0sz5dtkncjjcnkjtn7j2vvqe090a9
ckt1q9gry5zgwdnqqvrdf4ruj4a34lf34sac8vu2mfkndc4uxu,ckb1qyq8xesqxpk5637f27c6l5c6cwurkw9d5mfsh8464f
ckt1q9gry5zg3465f25u7wtkxcuksq8ka2nkvkrc0w8020dzax,ckb1qyqg6a2y42w089mrvwtgqrmw4fmxtpu8hrhsh002f0
ckt1q9gry5zgk7f65c4282kkcy5zqlh7cejmrawqatdfh4ewxd,ckb1qyqt0ya2v24r4ttvz2pq0mlvved37hqw4k5sg33vmr
ckt1q9gry5zgjgd3hckyt877cn7htsnxsgrzq3egnqwr6sadp7,ckb1qyqfyxcmutz9nl0vflt4cfngyp3qgu5fs8pswltgvj
ckt1q9gry5zgm7fd8u9wz4v0yfra8ea7ht60jykleyqru6z5c5,ckb1qyqdlykn7zhp2k8jy37nu7lt4a8ezt0ujqpsltq2jw
ckt1q9gry5zgqtyck4wt9adtqtwcuhqguvmh32hu8vft5xcr9e,ckb1qyqq9jvt2h9j7k4s9hvwtsywxdmc4t7rky4sj4gwtm
ckt1q9gry5zgn5ecepvj24qjyfcq808e9prdkqtsuwxfzz4pym,ckb1qyqf6vuvskf92sfzyuqrhnujs3kmq9cw8rysrvukru
ckt1q9gry5zg3ceme3gtpzukvf4wq77emz9zmv28cjv8sgvef0,ckb1qyqguvauc59s3wtxy6hq00va3z3dk9rufxrs2muswu
ckt1q9gry5zg97fme45jpsgxmftxwjndcql3t64w7fxvahsql3,ckb1qyqzlyau66fqcyrd54n8ffkuq0c4a2h0ynxqwzkl0s
ckt1q9gry5zgkj9uk5aksk0puv3dr60qp7rg60ghk4c0dpvk83,ckb1qyqtfz7t2wmgt8s7xgk3a8sqlp5d85tm2u8s4aa0kn
ckt1q9gry5zgy24vhvrf35uh3aqtaqzwcmkpttg29arnazlys7,ckb1qyqz92ktkp5c6wtc7s97sp8vdmq4459z73es5kjw3e
ckt1q9gry5zg4plac7eqe2dp9y2mskfe8qg0krunp0gc3apk3m,ckb1qyq2sl7u0vsv4xsjj9dctyunsy8mp7fsh5vq82s6sw
ckt1q9gry5zg0kr9sz65rwep64tq8n66du6vj59s6xrxlplyu8,ckb1qyq8mpjcpd2phvsa24sreadx7dxf2zcdrpnqd6zhqk
ckt1q9gry5zgchvsjh95xzane9395sfg6qlp77dvmk86j9564w,ckb1qyqvtkgftj6rpweujcj6gy5dq0sl0xkdmraqavutlf
ckt1q9gry5zg3majfvvzj2rcyddg6jgkhq69525nh08uxu9wg5,ckb1qyqga7eykxpf9puzxk5dfyttsdz692fmhn7qntjgv0
ckt1q9gry5zg30thde6pzcl5jzqusck80zenangw055qsjlzxs,ckb1qyqgh4mkuaq3v06fpqwgvtrh3ve7e58862qqt963dz
ckt1q9gry5zg28tnpawtg9tann0cqs2m8jaaas8tf4vx6tcpgd,ckb1qyq9r4es7h95z47eehuqg9dnew77cr456krqdqlgkt
ckt1q9gry5zgw232dxswlc46r7pl25xlpusrr56umrc6yxyhkq,ckb1qyq89g4xng80u2aplql42r0s7gp36dwd3udq8qzk2c
ckt1q9gry5zgvq5anym02clxt3dm4p7e9nt683lg4pyjpafwf5,ckb1qyqxq2wejdh4v0n9cka6slvje4arcl52sjfq9l9kxf
ckt1q9gry5zgzax7z6gkkm8gmq7wcr86txdvp52ekyvts9jeza,ckb1qyqpwn0pdyttdn5ds08vpna9nxkq69vmzx9s7eg9h9
ckt1q9gry5zgtw2ahczgxsf330pmzu7hq5lryl96j0z2235asv,ckb1qyq9h9wmupyrgycchsa3w0ts203j0jaf839qkcjerh
ckt1q9gry5zghj88xva8akxlycd8frf6jp36ql7dqzwq5xpkhp,ckb1qyqternnxwn7mr0jvxn535afqcaq0lxsp8qqpmvzkc
ckt1q9gry5zglf4wzfps4mh5j80qlhgaem904v2f3atku60c45,ckb1qyq056hpysc2am6frhs0m5wuajh6k9yc74mq5tzu0s
ckt1q9gry5zgj4sdagwvwq3dct7mclaaafvnkpj9977fguu589,ckb1qyqf2cx758x8qgku9ldu07775kfmqezjl0yst38r3r
ckt1q9gry5zgd886yup3qqpptj4a8ctqhhmne9jrv0auw4y4y8,ckb1qyqxnnazwqcsqqs4e27nu9stmaeujepk877q0qgx5q
ckt1q9gry5zga3ad8jejqjcvdjf739k76uj47vzvxmh83xmjtp,ckb1qyqwc7kneveqfvxxeylgjm0dwf2lxpxrdmnspp9zpl
ckt1q9gry5zg2wsx5sdv0t9kj2759nkh0yv9p2s7v2ql7lns6w,ckb1qyq98gr2gxk84jmf902zemthjxzs4g0x9q0ssh4nlq
ckt1q9gry5zgswh5t6pkt5duzj33qa3u648jhhe4cxe23g6k8x,ckb1qyqg8t69aqm96x7pfgcswc7d2netmu6urv4qgg9mcf
ckt1q9gry5zgx72xm83ukkjp28eg2h96l5qspats5u4php2ecd,ckb1qyqr09rdnc7ttfq4ru59tja06qgq74c2w2ssrxllwy
ckt1q9gry5zgvm59tjcmmcvkn2lmuqgfzcgfg3ccnvyk3nej2k,ckb1qyqxd6z4evdauxtf40a7qyy3vyy5guvfkztqg5lkpt
ckt1q9gry5zg5a80nvswqa0srd3zuxxllc2qzxlmt3cwytufne,ckb1qyq2wnhekg8qwhcpkc3wrr0lu9qpr0a4cu8q9lgyyz
ckt1q9gry5zghwtcn72spc9wtz4sq7qgvdyqxv90syxcpgky49,ckb1qyqth9ufl9gquzh932cq0qyxxjqrxzhczrvqd32j5k
ckt1q9gry5zgughh7wzcxzn4u59t0lzl6np4ky60r6ztpw69rl,ckb1qyqwytml8pvrpf672z4hl30afs6mzd83ap9s9y39gk
ckt1q9gry5zgzq0j490guyhlj3gfhdp9dldf24zr7ad5g6ul07,ckb1qyqpq8e2jh5wztleg5ymksjklk5423plwk6q990gmh
ckt1q9gry5zg2hgl3caa7gfgytjpgegdx52dserje5kvkvkkqq,ckb1qyq9t50cuw7lyy5z9eq5v5xn29xcv3ev6txqy2hczj
ckt1q9gry5zgxkwxkq33h5csqyls66p87tqaulghzsqg87g2xe,ckb1qyqrt8rtqgcm6vgqz0cddqnl9sw705t3gqyq8lfym9
ckt1q9gry5zgnyztg84lcujx8mfzce35520tgrl3xl78lkscz7,ckb1qyqfjp95r6luwfrra53vvc629845plcn0lrszxaf8a
ckt1q9gry5zgjl7rgssl4aaklh2szhy0rktwuhyls9wz5qqc0v,ckb1qyqf0lp5gg0677m0m4gptj83m9hwtj0czhpqjmqdd0
ckt1q9gry5zgq7falzslfj5sylm76znkl8qt9lmn6lasyz6a0j,ckb1qyqq0y7l3g05e2gz0aldpfm0ns9jlaea07cquks6e9
ckt1q9gry5zgv5hkzwvjdqzfdkgjkmylad22hct3lcdf44ug4m,ckb1qyqx2tmp8xfxspykmyftdj07k49tu9clux5s3r8k39
ckt1q9gry5zgq8dg47hph9wpzgj5k0s48tg5fvmngv6g7r9zaj,ckb1qyqqrk52ltsmjhq3yf2t8c2n452ykde5xdyqffpta3
ckt1q9gry5zghue08rar3may5mwg9e36k22ez3rkx34j0f72wp,ckb1qyqt7vhn373ca7j2dhyzucat99v3g3mrg6eqjzff8y
ckt1q9gry5zganlczss9cc27rjg3c3d9qd9yafqlzdvry4v9tl,ckb1qyqwelupggzuv90peygugkjsxjjw5s03xkpsxcxc5h
ckt1q9gry5zgqvkxrdwjqg0lslnsequzs2mued6w7tw9x8ak2l,ckb1qyqqxtrpkhfqy8lc0ecvswpg9d7vka809hzsgq9c26
ckt1q9gry5zgh6epqh97pwmxgdmur80e0dcx476x6lrma0v7ry,ckb1qyqtavsstjlqhdnyxa7pnhuhkur2ldrd03as92e83q
ckt1q9gry5zghzq3993kagwxlrtrayfngrvpz3y6ysslkd28nn,ckb1qyqt3qgjjcmw58r03437jye5pkq3gjdzgg0se3g5vd
ckt1q9gry5zg2zhtq3h094yf5xv67amwjxl6punhfqn6gw5dhj,ckb1qyq9pt4sgmhj6jy6rxd0wahfr0aq7fm5sfaqthcp6t
ckt1q9gry5zgjwkzfllt2sev70v8punm09sn6nthdnzctxvkcw,ckb1qyqf8tpyll44gvk08krs7fahjcfaf4mke3vqcr3zpv
ckt1q9gry5zgjld95nzvsjcyyza09ff702ewkjwh2e4hf5d6lt,ckb1qyqf0kj6f3xgfvzzpwhj55l84vhtf8t4v6msfmyy97
ckt1q9gry5zgmctz76zahu3n2xt0dun66tgkymfe6nzny33d29,ckb1qyqdu930dpwm7ge4r9hk7fad95tzd5uaf3fs36dj4f
ckt1q9gry5zgmhcvcgsrf8kjljxy0333xlsgp7yu4a87hvea4s,ckb1qyqdmuxvygp5nmf0erz8cccn0cyqlzw27nlqjfsl4m
ckt1q9gry5zg6jj6qard6ehpyspjza0dj6s4xwfdq5uavz8d7m,ckb1qyqdffdqw3kavmsjgqepwhkedg2n8yks2wwszj6vpm
ckt1q9gry5zgu6ltlyee2jek564s64m56p0t7xvpsq2e8cf4j3,ckb1qyqwd04ljvu4fvm2d2cd2a6dqh4lrxqcq9vsue3ldh
ckt1q9gry5zgr546kyd8ndcrfjrd2gznk03eakamlm59vkalvv,ckb1qyqp62atzxnekup5epk4ypfm8cu7mwala6zske7u38
ckt1q9gry5zg7m8xxr357swkvutdp06mvxtjm0k7r58kdg2yar,ckb1qyq0dnnrpc60g8txw9kshadkr9edhm0p6rmqdxznwj
ckt1q9gry5zgcph407k8z9k2xl2vgjv5t57e4g5v0ua7r7tak7,ckb1qyqvqm6hltr3zm9r04xyfx2960v652x87wlqmj87aj
ckt1q9gry5zgnajuc5vwmfegp2jxesf46pj7c8dhl7tzy05vke,ckb1qyqf7ewv2x8d5u5q4frvcy6aqe0vrkmll93qqkvp0x
ckt1q9gry5zg0ldc4c8pphamasujfe4ycuj7epr4d2aszx8tp8,ckb1qyq8lku2urssm7a7cwfyu6jvwf0vs36k4wcq3kheks
ckt1q9gry5zgrpfcdg3a5p6lrr7ua09cr9qfj7jwxg0vdn7agg,ckb1qyqps5ux5g76qa033lwwhjupjsye0f8ry8kqjuczp0
ckt1q9gry5zgf68rlcueh060rvrcat0h6uv0aca87xudt3qtvc,ckb1qyqyar3luwvmha83kpuw4hmawx87uwnlrwxszpzl2p
ckt1q9gry5zgt4lnns0hnmmyfzz0sdkmxy6px8hh9hepf28lqv,ckb1qyq96leec8meaajy3p8cxmdnzdqnrmmjmussalnfaa
ckt1q9gry5zgf5lfvkp9z8uufzpztymyfz8y0rrpwxy5vmdkad,ckb1qyqy605ktqj3r7wy3q39jdjy3rj833shrz2q7pxacy
ckt1q9gry5zgz7qtspmeufpzs74y22aldvzf2wyu6czvnd6jw4,ckb1qyqp0q9cqau7ys3g02j99wlkkpy48zwdvpxqyk7p26
ckt1q9gry5zg2fawluc6ztpwnj4n7pd0vfqsrevwu5fjljr2tg,ckb1qyq9y7h07vdp9shfe2elqkhkysgpuk8w2yeqfnhe5h
ckt1q9gry5zga4udctxm33d4cgrn4tllw80lyuw2fx7ut8nuv8,ckb1qyqw67xu9ndcck6uype64llhrhljw89yn0wqa0epyk
ckt1q9gry5zgg5sdlst93h4c8ernjehwuh6huxrc0pvnr6q4sw,ckb1qyqy2gxlc9jcm6uru3eevmhwtat7rpu8skfsz0e9yz
ckt1q9gry5zgq5yrqwsagekzrldpjehdrach7nfhe4hxqkp83d,ckb1qyqq2zps8gw5vmpplksevmk37utlf5mu6mnqhhtfk2
ckt1q9gry5zgkqvl8eqkk3wkfyex6e2heurd0fsgvh8a6a03qf,ckb1qyqtqx0nusttghtyjvndv4tu7pkh5cyxtn7smfp3v2
ckt1q9gry5zgt8s5aurjauv3hnaql69u0fqfl9ddy4sx0znkkr,ckb1qyq9nc2w7pew7xgme7s0az785syljkkj2crqvc0ehn
ckt1q9gry5zg670cry2rnf72u7lvgrf5dcg6yhrvp89f58g6eg,ckb1qyqd08upj9pe5l9w00kyp56xuydzt3kqnj5s6g3sdd
ckt1q9gry5zgseq57pf8ul4smflpuydt3r9h36gg27f6t2wj03,ckb1qyqgvs20q5n706cd5ls7zx4c3jmcayy90yaq6kl0cw
ckt1q9gry5zgk6krj47durr3ny6murueqn9pa4x9upum8wzt4f,ckb1qyqtdtpe2lx7p3cejdd7p7vsfjs76nz7q7dsmf0vyj
ckt1q9gry5zg9gr6qf83l0pnv6fvjft22vpuwv4gqzud9tmlzz,ckb1qyqz5paqynclhsekdykfy449xq78x25qpwxsqerwpx
ckt1q9gry5zgyy7w2nd5c9e8g02cuz2x5k3zcztgcyhr45dmx3,ckb1qyqzz089fk6vzun584vwp9r2tg3vp95vzt3ss40c9p
ckt1q9gry5zgnqmmhseqv4vpx4e8wvkdfzuxvlfvv50rwceg2v,ckb1qyqfsdamcvsx2kqn2unhxtx53wrx05kx283sxfqtse
ckt1q9gry5zg25qnuev5ew4upkz65u9csgp4636rf36wvqeqax,ckb1qyq92qf7vk2vh27qmpd2wzugyq6agap5ca8q7ndwua
ckt1q9gry5zggrju0dulcg6mv0wu0zmx37prkdpld4p49t6r0f,ckb1qyqypew8k70uyddk8hw83dnglq3mxslk6s6svvenj6
ckt1q9gry5zgz59jhxx7v53v7pwkrfzhq22x5s4epwetw58e6w,ckb1qyqp2zetnr0x2gk0qhtp53ts99r2g2ushv4s96srer
ckt1q9gry5zgx7ktlmumaktz404ehxrfar7f7q8jnrl7sekg25,ckb1qyqr0t9la7d7m932h6umnp573lylqref3llqtnnjhl
ckt1q9gry5zg72m2djyhfvl3397myexa8dqnaa6005yzx8n9nx,ckb1qyq09d4xezt5k0ccjldjvnwnksf77a8h6zpqcv520p
ckt1q9gry5zgpees4s34nhgv9mz6xzajn2fuwxvwjpu4gljd2n,ckb1qyqquuc2cg6em5xza3drpwef4y78rx8fq72sqjmc7d
ckt1q9gry5zgl3vqm3c3hu6gplftr7xg67r5ja8x8unn5ds02e,ckb1qyq0ckqdcugm7dyql543lryd0p6fwnnr7fess7h6vw
ckt1q9gry5zg3uad8lljrgwg5nm4kefv3wh8fltjwdmch5p4dx,ckb1qyqg7wknllep58y2fa6mv5kghtn5l4e8xauqtqkq3j
ckt1q9gry5zgqav5j9t9rm03kykpvtm5yyf0el6fh7w8unz0qz,ckb1qyqqwk2fz4j3ahcmztqk9a6zzyhulayml8rsw3ey0g
ckt1q9gry5zgt5dw59zvz3037aatrfnvtpz7aexyf590ehenq0,ckb1qyq96xh2z3xpghclw7435ek9s30wunzy6zhs3302jf
ckt1q9gry5zg6upm6y8vxhtnfqev48ewjvrgtf0ftz6j8rglhc,ckb1qyqdwqaazrkrt4e5svk2nuhfxp595h543dfq47rmrj
ckt1q9gry5zggx9vgjz68klgygfjrvjfvvw0sjgmx8737wxl3u,ckb1qyqyrzkyfpdrm05zyyepkfykx88cfydnrlgsryfcfk
ckt1q9gry5zg625ruj65gr2tk4qq54y9ekwaankuppum6jaejt,ckb1qyqd92p7fd2yp49m2sq22jzum8w7emwqs7ds6hz4ls
ckt1q9gry5zggttluughcuft9r3505yg2c7w9v36twa5auwa2d,ckb1qyqy94l7wytuwy4j3c686zy9v08zkga9hw6ql7zr7w
ckt1q9gry5zg09mvd02cyzgntjqdunelsqydqqnfz3k2chu5lm,ckb1qyq8jakxh4vzpyf4eqx7fulcqzxsqf53gm9qkq5vjc
ckt1q9gry5zgghntgdvyjm9ucsjtnz8867f4w3fh2mh20l4tgp,ckb1qyqyte45xkzfdj7vgf9e3rna0y6hg5m4dm4qa6qagd
ckt1q9gry5zgp5mdxkxukrf3gndrejzlf7yk8lhcan60wpwf2f,ckb1qyqq6dkntrwtp5c5fk3uep05lztrlmuwea8svwtqsz
ckt1q9gry5zgq30t344e9tha0n3plqt3uw0v3egmxfqg4q7g6g,ckb1qyqqgh4c66uj4m7hecsls9c788kgu5dnysyq2phu0n
ckt1q9gry5zg3u0asced0avdchj7x5jazmpas3ldl0hupa7stt,ckb1qyqg787cvvkh7kxute0r2fw3ds7cglklhm7q459d0l
ckt1q9gry5zg48k38t5s979nazq58nflr3yacut7znest9vqtv,ckb1qyq2nmgn46gzlze73q2re5l3cjwuw9lpfucqp7pkrd
ckt1q9gry5zgauhm60kvsr62x8l4vf558at6t3l7gdp9ykllgn,ckb1qyqw7taa8mxgpa9rrl6ky62r74a9cllyxsjs89nx09
ckt1q9gry5zg0k25vm3s943yhqy2qfgewzyxrph79dudm09p62,ckb1qyq8m92xdccz6cjtsz9qy5vhpzrpsmlzk7xs3gfvew
ckt1q9gry5zgkk38u6cp6vy3xkcxpzwwry4zvl82m282t5lnll,ckb1qyqttgn7dvqaxzgntvrq388pj23x0n4d4r4qd7v22d
ckt1q9gry5zg3fdr6vl5l6355nr7j29m5nz2nul7tgupl4t6zn,ckb1qyqg5k3ax060ag62f3lf9za6f39f70l95wqs3p5l9x
ckt1q9gry5zgy3qpyuz25ae5pjtkj5sueevaakk2yp76n8ukq2,ckb1qyqzgsqjwp92wu6qe9mf2gwvukw7mt9zqldq3h0h6n
ckt1q9gry5zge4kjwpkpp8ryragmd0rewt46mcvrpy4262ng0y,ckb1qyqv6mf8qmqsn3jp75dkh3uh96aduxpsj24q3kmpd6
ckt1q9gry5zgcddh7nr28he6xcq5rskzxk7tqj4lxed4qqp4a4,ckb1qyqvxkmlf34rmuarvq2pctprt09sf2lnvk6satyd97
ckt1q9gry5zgeyjwcyyknvq2ues4g7t7dz0y5psax8ds3kk6k4,ckb1qyqvjf8vzztfkq9wvc2509lx38j2qcwnrkcq0ydxud
ckt1q9gry5zgk5eqkj0pc9cc8p254s2aq6hu20cdyj9ng609fy,ckb1qyqt2vstf8suzuvrs422c9wsdt798uxjfzes7j7u5y
ckt1q9gry5zgtsc73dcx785hsy3rp3zhm3snszvlnhh5j9xjhv,ckb1qyq9cv0gkur0r6tczg3sc3taccfcpx0emm6q3975eg
ckt1q9gry5zgfxr7h94dhqlp8ldk90asm2xeq73rfv9z948cjp,ckb1qyqynpltj6kms0snlkmzh7cd4rvs0g35kz3qczqssf
ckt1q9gry5zg53yq3zurf0neemh8q6trgm736kh3uqw0gh34x3,ckb1qyq2gjqg3wp5heuuamnsd935dlgattc7q88s8gkufl
ckt1q9gry5zgcdpgrsjd37ca7pj8xmj2km8xjxnhl5cl23cw56,ckb1qyqvxs5pcfxclvwlqernde9tdnnfrfml6v0smvfvq0
ckt1q9gry5zgjkla6uxrwa6f9ewtvmqapukxp400nwk6lj8y7f,ckb1qyqft07awrphwayjuh9kdsws7trq6hhehtdq39sq78
ckt1q9gry5zg78x6v2uel4kwauuqjj22mxl9fkfv27hg884p0z,ckb1qyq0rndx9wvl6m8w7wqff99dn0j5myk90t5qdnsl80
