ckt1qyq052ezneq9nn8qkp5tnv0z5uekmplpg5xq9qu7pc,ckb1qyq052ezneq9nn8qkp5tnv0z5uekmplpg5xqc9zpdy
ckt1qyqd0vgxmwsdykxl2zhnz20vvejg7zdvy3rsefr2v6,ckb1qyqd0vgxmwsdykxl2zhnz20vvejg7zdvy3rsyva4qx
ckt1qyq9gf7fslxj0tas0evm85jf4wd2q2n3jhus36e0yu,ckb1qyq9gf7fslxj0tas0evm85jf4wd2q2n3jhusvl8sgq
ckt1qyqwh2p2e8zsu5j059mmzgq8sx7prafwr3gs4xvgze,ckb1qyqwh2p2e8zsu5j059mmzgq8sx7prafwr3gsgrjhw9
ckt1qyq99qnkfjx0sem3fztfwk9ps0yumn0jqlwsqknwwy,ckb1qyq99qnkfjx0sem3fztfwk9ps0yumn0jqlwsand3zc
ckt1qyqqqqdvcutavsjwumhamp8qckl0hrjy4zwql6s6dy,ckb1qyqqqqdvcutavsjwumhamp8qckl0hrjy4zwqzlw9pc
ckt1qyq2vqrsynpxum6p6q77q8gju50gt4mupy5qrs8pvc,ckb1qyq2vqrsynpxum6p6q77q8gju50gt4mupy5q74e7qy
ckt1qyqfj6t0596xm6j4af2wsv0z0d3nn0t7hcrsqppsp0,ckb1qyqfj6t0596xm6j4af2wsv0z0d3nn0t7hcrsayl0dn
ckt1qyqdm8h0m375p9x9zakyl55hrdfjeyuq98fqfenma5,ckb1qyqdm8h0m375p9x9zakyl55hrdfjeyuq98fq5udy3g
ckt1qyqyl3qew9lz60u2zjrjanlktr90zyemeu3sgwgah2,ckb1qyqyl3qew9lz60u2zjrjanlktr90zyemeu3s4tkzmk
ckt1qyq99v44cgc58jph76z5yaccwlf3l8y4gn8qf2kjyq,ckb1qyq99v44cgc58jph76z5yaccwlf3l8y4gn8q50gdgu
ckt1qyqtsmvjgckhm0gfz6sufx3kptsuqx8s9j4s9nsef3,ckb1qyqtsmvjgckhm0gfz6sufx3kptsuqx8s9j4sckwx9d
ckt1qyqpkxjme0rq56t2mhryplth6pj424lhr7tsveaal4,ckb1qyqpkxjme0rq56t2mhryplth6pj424lhr7ts3urznf
ckt1qyq2jk4kyk89vxzk40w537tlkc20rxc3w8nqtpsvgg,ckb1qyq2jk4kyk89vxzk40w537tlkc20rxc3w8nqkywny5
ckt1qyqr3269g29czrhe7qzka46xy7k8kvmkr7jqfs5yg8,ckb1qyqr3269g29czrhe7qzka46xy7k8kvmkr7jq542mym
ckt1qyq9a5hxjsnektjzgf02thqsmjmdav3zgpzq4969vt,ckb1qyq9a5hxjsnektjzgf02thqsmjmdav3zgpzqgqy6qh
ckt1qyqf5wtdqm8ze0qmp9m8vg2m8rze0mz3aj9skhp82c,ckb1qyqf5wtdqm8ze0qmp9m8vg2m8rze0mz3aj9stjlcxy
ckt1qyqd5eyygtdmwdr7ge736zw6z0ju6wsw7rssu8fcve,ckb1qyqd5eyygtdmwdr7ge736zw6z0ju6wsw7rsspzh8q9
ckt1qyqdeyg7e6y4328x8y5hka4ajr5hszak60ts65jxxt,ckb1qyqdeyg7e6y4328x8y5hka4ajr5hszak60ts83ve2h
ckt1qyqvy79h9avgmn97zpc8ae9cfphdnyr68pcslkfscc,ckb1qyqvy79h9avgmn97zpc8ae9cfphdnyr68pcsznh05y
ckt1qyqg26fpss3gq0jgan3jq3hp02rnjtmu50eqeyu3nn,ckb1qyqg26fpss3gq0jgan3jq3hp02rnjtmu50eqypzwl0
ckt1qyqy5hs0maual5xv296uw9wsm3wc6798v2xq8fs40x,ckb1qyqy5hs0maual5xv296uw9wsm3wc6798v2xq6vw2r6
ckt1qyqvnwr7c82txcqv4me977sfkc0hjwv9mj4qedgjl8,ckb1qyqvnwr7c82txcqv4me977sfkc0hjwv9mj4qygkdnm
ckt1qyqdlykn7zhp2k8jy37nu7lt4a8ezt0ujqpszw747j,ckb1qyqdlykn7zhp2k8jy37nu7lt4a8ezt0ujqpsltq2jw
ckt1qyqps5ux5g76qa033lwwhjupjsye0f8ry8kq0exadn,ckb1qyqps5ux5g76qa033lwwhjupjsye0f8ry8kqjuczp0
ckt1qyqx7gx4s4xj2h3scx3m08de67f95s3kcvnsv50gj5,ckb1qyqx7gx4s4xj2h3scx3m08de67f95s3kcvns333h7g
ckt1qyqt48gdxm5lea64g77fn3grdc7lfgq2skqs5zehfs,ckb1qyqt48gdxm5lea64g77fn3grdc7lfgq2skqsf88g9v
ckt1qyqdyyw2qem6chxyxrmrx7vm2ta6te9lqztqyjfl02,ckb1qyqdyyw2qem6chxyxrmrx7vm2ta6te9lqztqehhqrk
ckt1qyqf7ewv2x8d5u5q4frvcy6aqe0vrkmll93qanj7r6,ckb1qyqf7ewv2x8d5u5q4frvcy6aqe0vrkmll93qqkvp0x
ckt1qyqg2ke4qrfha7z6r8addq0ntea2rdhd3vdq9w4mk6,ckb1qyqg2ke4qrfha7z6r8addq0ntea2rdhd3vdqctty6x
ckt1qyq0h4kj5j7dzj8p7k4uqsnshzmc5m7fl4wq546z3k,ckb1qyq0h4kj5j7dzj8p7k4uqsnshzmc5m7fl4wqfsyaa2
ckt1qyqpwn0pdyttdn5ds08vpna9nxkq69vmzx9sruk6me,ckb1qyqpwn0pdyttdn5ds08vpna9nxkq69vmzx9s7eg9h9
ckt1qyqdkd2hqvggtff6n4m2wa86lsv0ln6s33gq83fa4x,ckb1qyqdkd2hqvggtff6n4m2wa86lsv0ln6s33gq65hze6
ckt1qyqwwhujw88279sp9wqhk96evwku4td940qs8kgu50,ckb1qyqwwhujw88279sp9wqhk96evwku4td940qs6nkrcn
ckt1qyqreajww38sctuqjn24q2jnvxxrfsad2yjssugcz2,ckb1qyqreajww38sctuqjn24q2jnvxxrfsad2yjsdek8wk
ckt1qyqgv4g26g5aweunpu3rwzs7cfny5z9m5kmqq273g2,ckb1qyqgv4g26g5aweunpu3rwzs7cfny5z9m5kmqa0qwyk
ckt1qyqtg7jh6t5dvga742769lt6nkfw7ehqgrysrnqrz5,ckb1qyqtg7jh6t5dvga742769lt6nkfw7ehqgrys7k7uwg
ckt1qyqgs3rhm2tfefh6laxckaglmsc0ae42c9aqekjfap,ckb1qyqgs3rhm2tfefh6laxckaglmsc0ae42c9aqynvk3a
ckt1qyqqxtrpkhfqy8lc0ecvswpg9d7vka809hzs49m8xx,ckb1qyqqxtrpkhfqy8lc0ecvswpg9d7vka809hzsgq9c26
ckt1qyqfzmc9n8y04cruwgfaqzmssvt6wtdva4rsztj8r7,ckb1qyqfzmc9n8y04cruwgfaqzmssvt6wtdva4rslwvc0z
ckt1qyqgcqg2dcg5gwyulntzww8hhxlwlhzfqzusjejk8v,ckb1qyqgcqg2dcg5gwyulntzww8hhxlwlhzfqzus0uvfts
ckt1qyqyar3luwvmha83kpuw4hmawx87uwnlrwxslyuqxa,ckb1qyqyar3luwvmha83kpuw4hmawx87uwnlrwxszpzl2p
ckt1qyqrk5qp4fgkn4qd8qsl82q2p4vyceusxqusvnn762,ckb1qyqrk5qp4fgkn4qd8qsl82q2p4vyceusxqus3kdpkk
ckt1qyqg95mft5yj8tnt08tydf9w64mcrjs7pleslez07k,ckb1qyqg95mft5yj8tnt08tydf9w64mcrjs7pleszuusj2
ckt1qyqth9ufl9gquzh932cq0qyxxjqrxzhczrvqs55dc2,ckb1qyqth9ufl9gquzh932cq0qyxxjqrxzhczrvqd32j5k
ckt1qyqg35a5wwhdxdxjscu0v9d763s54ewf7vdsh9yhfp,ckb1qyqg35a5wwhdxdxjscu0v9d763s54ewf7vds2q6g9a
ckt1qyqtffjuvh30u9th4tgwvtdw2gjkjzuuzpqqtywwc0,ckb1qyqtffjuvh30u9th4tgwvtdw2gjkjzuuzpqqkps35n
ckt1qyqf7dtyqm73g4j42hwd4rx4zddwzgjxpp6sy5ppgc,ckb1qyqf7dtyqm73g4j42hwd4rx4zddwzgjxpp6se3l7yy
ckt1qyqg7wknllep58y2fa6mv5kghtn5l4e8xauqk9glaw,ckb1qyqg7wknllep58y2fa6mv5kghtn5l4e8xauqtqkq3j
ckt1qyqrzcnq5tt8elz2pqe45fkhw27emkya82ysqgzyk9,ckb1qyqrzcnq5tt8elz2pqe45fkhw27emkya82ysadum6e
ckt1qyq05fft058g8el7gfj8c54h8twzsw3z57sqhj0jdc,ckb1qyq05fft058g8el7gfj8c54h8twzsw3z57sq2h3dpy
ckt1qyqg3mqpmsfm8tucyztwl43fdaxlfet5vzcqcjuv78,ckb1qyqg3mqpmsfm8tucyztwl43fdaxlfet5vzcq9hznjm
ckt1qyqt3qgjjcmw58r03437jye5pkq3gjdzgg0sy5ktq3,ckb1qyqt3qgjjcmw58r03437jye5pkq3gjdzgg0se3g5vd
ckt1qyqxcyc0yysck988k09estnmg724hd5rlj6qeekvcn,ckb1qyqxcyc0yysck988k09estnmg724hd5rlj6qyugn50
ckt1qyqtgpr9ldhlda28a9838uk5c794t2n9tedshwluxx,ckb1qyqtgpr9ldhlda28a9838uk5c794t2n9teds2tpr26
ckt1qyq9wxhn4qrclyhgqshmepuystalyfdur9rqdveagf,ckb1qyq9wxhn4qrclyhgqshmepuystalyfdur9rqsf8zy4
ckt1qyqr8j7lf2dw7fsvzawt4k2hgua76e59k37sq62u2k,ckb1qyqr8j7lf2dw7fsvzawt4k2hgua76e59k37sal5rx2
ckt1qyqfmwvpte84k9m5cyfpj5gser4gduwtezrssgj2yk,ckb1qyqfmwvpte84k9m5cyfpj5gser4gduwtezrsddv4g2
ckt1qyqtzshvs6rcvj0ffxcz2ycfx7q5pm0udzuq6uvp8f,ckb1qyqtzshvs6rcvj0ffxcz2ycfx7q5pm0udzuq8ej7t4
ckt1qyqv2m09z7hqfk57y50vqsr2yzp0fezvfmvsjlnn4n,ckb1qyqv2m09z7hqfk57y50vqsr2yzp0fezvfmvs06dve0
ckt1qyqgqcth5rf6dz9fqra6k08msvz92x4ju8tqhacycc,ckb1qyqgqcth5rf6dz9fqra6k08msvz92x4ju8tq2cxm5y
ckt1qyqv44sta2ccxmxde5ylxmjdvvydty4tqt0s60pmua,ckb1qyqv44sta2ccxmxde5ylxmjdvvydty4tqt0s82lysp
ckt1qyq0jctmth8ktxyuspwuhqkalgtaj33tvvrs5ul4s2,ckb1qyq0jctmth8ktxyuspwuhqkalgtaj33tvvrsfep2uk
ckt1qyqrul25wyuu3cfldgkv7elh0hu6jwhav0gqr0lfaq,ckb1qyqrul25wyuu3cfldgkv7elh0hu6jwhav0gq72pk3u
ckt1qyqr9dy7lnx0r3upaaknu6w64752qyel6w8qdmeuhc,ckb1qyqr9dy7lnx0r3upaaknu6w64752qyel6w8qs78rmy
ckt1qyqte65ukzy2q0aku96rxgq2shztxvfnp9zs8qzzfg,ckb1qyqte65ukzy2q0aku96rxgq2shztxvfnp9zs69ua95
ckt1qyq9swhvq9exy2ge4vk020qvy6gevtykp5rqz5ehk9,ckb1qyq9swhvq9exy2ge4vk020qvy6gevtykp5rql38g6e
ckt1qyq9t32zp6lzd3v7mgvvfgleq0xths3r4mms4qx06s,ckb1qyq9t32zp6lzd3v7mgvvfgleq0xths3r4mmsg9cskv
ckt1qyq9599c7aqn5970ah326kwulpaz9f5ntpqqp279c9,ckb1qyq9599c7aqn5970ah326kwulpaz9f5ntpqqu0q65e
ckt1qyqf0lp5gg0677m0m4gptj83m9hwtj0czhpq077jpn,ckb1qyqf0lp5gg0677m0m4gptj83m9hwtj0czhpqjmqdd0
ckt1qyq03j5uggmtxg5wdfqrn8xlae60u0mmkxpq32ctk3,ckb1qyq03j5uggmtxg5wdfqrn8xlae60u0mmkxpqv0x56d
ckt1qyq9h2fu2xxmdpwrpgdg9lg4e8wv465dgjysuggvp0,ckb1qyq9h2fu2xxmdpwrpgdg9lg4e8wv465dgjyspdkndn
ckt1qyqdxrshff7pdrj55hs3epl770svxhwe90usqw8gq9,ckb1qyqdxrshff7pdrj55hs3epl770svxhwe90usatehve
ckt1qyqtzd93xdy7rmhll88us4f7ylcnnk0njxvskh3m9g,ckb1qyqtzd93xdy7rmhll88us4f7ylcnnk0njxvstj0yf5
ckt1qyqt7vhn373ca7j2dhyzucat99v3g3mrg6eq08hktc,ckb1qyqt7vhn373ca7j2dhyzucat99v3g3mrg6eqjzff8y
ckt1qyqr09rdnc7ttfq4ru59tja06qgq74c2w2ss7rpqzc,ckb1qyqr09rdnc7ttfq4ru59tja06qgq74c2w2ssrxllwy
ckt1qyq8t2eez5hg9yh7u0vt4nj4d6g8uplzw4vsgr9clp,ckb1qyq8t2eez5hg9yh7u0vt4nj4d6g8uplzw4vs4xm8na
ckt1qyqdmuxvygp5nmf0erz8cccn0cyqlzw27nlq0vwqe8,ckb1qyqdmuxvygp5nmf0erz8cccn0cyqlzw27nlqjfsl4m
ckt1qyq2694prufnpyetkugfnkyermy3vn7tcqwqkgp32f,ckb1qyq2694prufnpyetkugfnkyermy3vn7tcqwqtdlwx4
ckt1qyq07aczvya4ecwz52v6egplflretlazs5lswz676t,ckb1qyq07aczvya4ecwz52v6egplflretlazs5lsn8ypkh
ckt1qyqprumu4ktdnk3jvadw2wmg6gk9qdwrze0sdex8e4,ckb1qyqprumu4ktdnk3jvadw2wmg6gk9qdwrze0ssucc4f
ckt1qyqqdpr7amzhy30k56r79g5q0v5ht79z9prq7gj65a,ckb1qyqqdpr7amzhy30k56r79g5q0v5ht79z9prqrdv9cp
ckt1qyqypeqj2fe9eg7x98de3ytkr8w6q8a4qfxqvpfufj,ckb1qyqypeqj2fe9eg7x98de3ytkr8w6q8a4qfxq3yhr9w
ckt1qyqtsx8vvgshz87vqqr058shwjvav5kv0d7s7n6rj2,ckb1qyqtsx8vvgshz87vqqr058shwjvav5kv0d7srkyu7k
ckt1qyqrutmngrdwskk8styxe6ffyfzxuaaeldesytv9wy,ckb1qyqrutmngrdwskk8styxe6ffyfzxuaaeldesewj6zc
ckt1qyqyrzkyfpdrm05zyyepkfykx88cfydnrlgs7ph892,ckb1qyqyrzkyfpdrm05zyyepkfykx88cfydnrlgsryfcfk
ckt1qyqfvqnwajuxmyu7lzfqzdjnkgal8jzrvf0sh4zzxw,ckb1qyqfvqnwajuxmyu7lzfqzdjnkgal8jzrvf0s2sua2j
ckt1qyqxwgsu5xrf0htl80lnu6ndktaty3pc2p2q7px2qj,ckb1qyqxwgsu5xrf0htl80lnu6ndktaty3pc2p2qryc4vw
ckt1qyqxhjfamvymqeepncvfec9q0l0fcguxt0kqlnk298,ckb1qyqxhjfamvymqeepncvfec9q0l0fcguxt0kqzkg4fm
ckt1qyq9nc2w7pew7xgme7s0az785syljkkj2crq3a3xm0,ckb1qyq9nc2w7pew7xgme7s0az785syljkkj2crqvc0ehn
ckt1qyqqm4u7xd57smcvhhj27vh5l4ynr0fuevastethyv,ckb1qyqqm4u7xd57smcvhhj27vh5l4ynr0fuevasku4ggs
ckt1qyq9jljmejqutc0xq8m2a76reymz69a8t04qa2pzem,ckb1qyq9jljmejqutc0xq8m2a76reymz69a8t04qq0la48
ckt1qyq0d8zwdull77t73f32fsu20eqlk8g7vefss0gj9x,ckb1qyq0d8zwdull77t73f32fsu20eqlk8g7vefsd2kdf6
ckt1qyqpwmkswf6kan5kwfdfrpcazf33sxfxulys9ljj8t,ckb1qyqpwmkswf6kan5kwfdfrpcazf33sxfxulysc6vdth
ckt1qyqq7vwrvms9fd5ne8ay0kn78p8jenvlh8vsx5cq4q,ckb1qyqq7vwrvms9fd5ne8ay0kn78p8jenvlh8vsm3xleu
ckt1qyqvxkmlf34rmuarvq2pctprt09sf2lnvk6sqw6jfz,ckb1qyqvxkmlf34rmuarvq2pctprt09sf2lnvk6satyd97
ckt1qyq9kxky5snxnat589t0p3pu62kwpkdx20ss8a6dl5,ckb1qyq9kxky5snxnat589t0p3pu62kwpkdx20ss6cyjng
ckt1qyqttgn7dvqaxzgntvrq388pj23x0n4d4r4qsmj4x3,ckb1qyqttgn7dvqaxzgntvrq388pj23x0n4d4r4qd7v22d
ckt1qyqx52t0xs6vh9vycu290azkkdntujp9rueqct3nqr,ckb1qyqx52t0xs6vh9vycu290azkkdntujp9rueq9w0vvl
ckt1qyqwrdsl9lep73zkghczv8wdn4s8x27072gsvujrv5,ckb1qyqwrdsl9lep73zkghczv8wdn4s8x27072gs3evuqg
