ckt1qyqdmeuqrsrnm7e5vnrmruzmsp4m9wacf6vsmcwugu,ckb1qyqdmeuqrsrnm7e5vnrmruzmsp4m9wacf6vsxasryq
ckt1qyqfhv78ks8xyalzhntde0hjmjrusdyjxyxsw343xc,ckb1qyqfhv78ks8xyalzhntde0hjmjrusdyjxyxsn5tw2y
ckt1qyq2cvlfef5kt043vcsy6rrt7snae2emda9spqvj6s,ckb1qyq2cvlfef5kt043vcsy6rrt7snae2emda9su9jdkv
ckt1qyqdmswal8qn2psmwc6u5508xh7zkq7wuvustsvyew,ckb1qyqdmswal8qn2psmwc6u5508xh7zkq7wuvusk4jm4j
ckt1qyqx6xgf8j4r6t0mwwdrdf3y4efm59jl8y8sel5vch,ckb1qyqx6xgf8j4r6t0mwwdrdf3y4efm59jl8y8sy62n5t
ckt1qyqq5jr0hrm0uc8hduqp6cmjmfqmayghyfvsukcysf,ckb1qyqq5jr0hrm0uc8hduqp6cmjmfqmayghyfvspnxmu4
ckt1qyq98fl86kcmqkdv3cf6u8pgf6f99j93q37sq8sr05,ckb1qyq98fl86kcmqkdv3cf6u8pgf6f99j93q37sazwurg
ckt1qyqzasa9ldqf3v20fzr42hl93ktxe2evdf3spzteh5,ckb1qyqzasa9ldqf3v20fzr42hl93ktxe2evdf3su84xmg
ckt1qyqfchkwy2jnncscne75ktysa9ww6dnlk8wqvjtqvc,ckb1qyqfchkwy2jnncscne75ktysa9ww6dnlk8wq3h4lqy
ckt1qyqxlzk7suxkdnl6dennf8dc904et3pqfers5fzanz,ckb1qyqxlzk7suxkdnl6dennf8dc904et3pqfersfvuzl7
ckt1qyqwmxws34634ced7l7x7vzgklx22mpmltaq8z0m5x,ckb1qyqwmxws34634ced7l7x7vzgklx22mpmltaq683yc6
ckt1qyqv96vz5ssymn3h77unkvg55cdjadeazm9qj2dqk9,ckb1qyqv96vz5ssymn3h77unkvg55cdjadeazm9q00nl6e
ckt1qyqqjre63vyx4v7plq8zycpcuz6n5wpw28mqgnp9dg,ckb1qyqqjre63vyx4v7plq8zycpcuz6n5wpw28mq4kl6p5
ckt1qyqqeqypyh3mjmwuwsh70sax9mtrnluhv0vscr9c73,ckb1qyqqeqypyh3mjmwuwsh70sax9mtrnluhv0vs9xm8jd
ckt1qyq8p2wg2t97c8ja8dyhcl23a9gp4nug7qwqaqeuma,ckb1qyq8p2wg2t97c8ja8dyhcl23a9gp4nug7qwqq98rhp
ckt1qyq2z0x0f6z0sew4vyq0xt8v8q5j9vcpcn8qeqgjjk,ckb1qyq2z0x0f6z0sew4vyq0xt8v8q5j9vcpcn8qy9kd72
ckt1qyqf2qvt66hujvppykhgj0tvg9xxaqal2azqaanr54,ckb1qyqf2qvt66hujvppykhgj0tvg9xxaqal2azqqcducf
