ckt1q9gry5zgx5r2xequz62m0rhvy60xvsqj5azl5efd3knr83,ckb1qyqr2p4rvswpd9dh3mkzd8nxgqf2w306v5ks4twd55
ckt1q9gry5zgmceslalm5xwn20v0krjpsugdnkkmkw5pqe5gwu,ckb1qyqduvc07la6r8f48k8mpeqcwyxemtdm82qshdh8el
ckt1q9gry5zg3465f25u7wtkxcuksq8ka2nkvkrc0w8020dzax,ckb1qyqg6a2y42w089mrvwtgqrmw4fmxtpu8hrhsh002f0
ckt1q9gry5zgs02st4467kklupd24kgpkn45fqzt67j226lash,ckb1qyqg84g966a0tt07qk42myqmf66ysp9a0f9qmcrvxw
ckt1q9gry5zgtvemx92pzs3p6eq8sxwn9dnsz00jsxa35qjh7j,ckb1qyq9kvanz4q3ggsavsrcr8fjkecp8hegrwcsjf7ksd
ckt1q9gry5zgmqvh5qpcjsj64p2dylztw07pupwlz98wv0jluq,ckb1qyqdsxt6qqufgfd2s4xj039h8lq7qh03znhqr0w9ky
ckt1q9gry5zghalclx540jkpnvcsypsv4en8q2crjyrsk0vkys,ckb1qyqt7lu0n22hetqekvgzqcx2uens9vpezpcqdjtn7j
ckt1q9gry5zg0pezn2kvrxxrxsy36zut7vv25r4jneewr5mfqr,ckb1qyq8su3f4txpnrpngzgapw9lxx92p6efuuhqhj83k9
ckt1q9gry5zgy9hhq7ccw6k4ymtw7rz4t3vxyafjwse3xr5md9,ckb1qyqzzmms0vv8dt2jd4h0p324ckrzw5e8gvcsvgjlvx
ckt1q9gry5zgv0tgk7c6n7wr96685tw72aa4928ta6c0k93q0d,ckb1qyqx845t0vdfl8pjadr69h09w76j4r47av8s55539q
ckt1q9gry5zghktz20azr0jdq9ezmuz248dg4udtwuxrsp57lc,ckb1qyqtm939873phexszu3d7p92nk527x4hwrps50fc3u
ckt1q9gry5zgexcyrv7446wjvfn0ds7thedq9uh57kjph94hnd,ckb1qyqvnvzpk026a8fxyehkc09muksz7t60tfqsjms8qm
ckt1q9gry5zgtd2plhc9walnqsf9z7ld6kxymgny5m302el9zc,ckb1qyq9k4qlmuzhwlesgyj300katrzd5fj2dchsc97tws
ckt1q9gry5zgkflxu9l7rrdx46kkc3yvgr66f0g2pufdlx0fh4,ckb1qyqtylnwzllp3kn2attvgjxypadyh59q7yks9jj2p3
ckt1q9gry5zg2susnzslsq0qa7qs89fjhed34g7ry2v2s2j3lv,ckb1qyq9gwgf3g0cq8swlqgrj5etukc650pj9x9qzqayka
ckt1q9gry5zgtav76a39rqa0q44t33qh8h6a7yvp9mh7e6fwck,ckb1qyq97k0dwcj3swhs264ccstnmawlzxqjamlqq2num3
ckt1q9gry5zgk6vw3zgk2u5fnfp9nkwwfqt33kxy2hgytj2282,ckb1qyqtdx8g3yt9w2ye5sjem88ys9ccmrz9t5zq5r4uxr
ckt1q9gry5zgzxdvn9502qlp8v3r28s0zkj2r9w607788hqhlm,ckb1qyqprxkfj684q0snkg34rc83tf9pjhd8l0rsrufwux
ckt1q9gry5zgs906gkk2aen8dnm6ym583pqf0ds93lt3cx0l0z,ckb1qyqgzhaytt9wuenkeaazd6rcssyhkczcl4cslfc55f
ckt1q9gry5zg4k2gudlf8kgjdxv2hyc6qrcsuxwmztqzs3jpqh,ckb1qyq2m9ywxl5nmyfxnx9tjvdqpugwr8d39spq95cyxm
ckt1q9gry5zg9mp8ve238djqsu7epxxl9wt4t3l5f8dxhldgqh,ckb1qyqzasnkv4gnkeqgw0vsnr0jh964cl6ynknqkqsmds
ckt1q9gry5zgtzarfvsxk3663pqvguts2mp3rl0n85thsdxum9,ckb1qyq93w35kgrtgadgssxyw9c9dsc3lhen69msudfxs6
ckt1q9gry5zgvdmtw7mp5a47utyc0wxds546djvlz9kqhegwy3,ckb1qyqxxa4h0ds6w6lw9jv8hrxc22axex03zmqqj8w4nz
ckt1q9gry5zgjkjt44877c85df0nfeh6ah0nua9langzzhj3a9,ckb1qyqftf966nl0vr6x5he5umawmhe7wjl7e5pqcl0ddr
ckt1q9gry5zgnc3npswjvhkr9eruwfzcp38jl52jca259jpx39,ckb1qyqfugesc8fxtmpju378y3vqcne069fvw42qjmrhht
ckt1q9gry5zgdawdahsw4xs2kf3t0kjcwjv5qmr6t5t5lsc5g6,ckb1qyqx7hx7mc82ng9tyc4hmfv8fx2qd3a9696qwc403f
ckt1q9gry5zgk7wwym4nfmnpc78l50jteyca22tgv6s428s3nw,ckb1qyqt088zd6e5aesu0rl68e9ujvw4995xdg2sf7r4ua
ckt1q9gry5zgkkfgg6lpmukdq2a9808apcu2xmddq7raefws60,ckb1qyqtty5yd0sa7txs9wjnhn7suw9rdkks0p7s93d96k
ckt1q9gry5zgge2d9n94d8e50sx8wwyrd29my57aykusgtzx7y,ckb1qyqyv4xjej6knu68crrh8zpk4zaj20wjtwgqu6j32d
ckt1q9gry5zgh7au959x0uksrhvm6hpatvkm5m568f8agmz4cw,ckb1qyqtlw7z6zn87tgpmkdats74ktd6d6dr5n7s0encal
ckt1q9gry5zgutrsadxypdpr6mfmvvad63c6nxv7n4v4wapfqs,ckb1qyqw93cwknzqks3ad5akxwkagudfnx0f6k2sz5kduw
ckt1q9gry5zgsmqapd626v7d3nngh5vf2m7nxx66m0ha5yq4cf,ckb1qyqgdswska9dx0xcee5t6xy4dlfnrdddhm7sefk6l4
ckt1q9gry5zg8ex0gzv7t6y4v34wls3dahnxv355sd7nphd8ud,ckb1qyqrun85px09az2kg6h0cgk7menxg62gxlfsa9v3lv
ckt1q9gry5zgvv92vt39y0wrvnd7lhyql70ztd2sx9w2ct4zn6,ckb1qyqxxz4x9cjj8hpkfkl0mjq0l839k4grzh9q0u4kty
ckt1q9gry5zgp6ju86eucq8td9j7gnzr7trz2fqqp903kvc496,ckb1qyqqafwrav7vqr4kje0yf3pl9339ysqqjhcs3e5mjm
ckt1q9gry5zgr9z7mhvv2lvyh3ktfvnkjnk7gfpzqgnejce5x2,ckb1qyqpj30dmkx90kztcm95kfmffm0yys3qyfusqraxeu
ckt1q9gry5zgy5tcqds5hj4a9g246z6le86e6c5zrgr7xnuvje,ckb1qyqz29uqxc2te27j592apd0unavav2pp5plqjq4z3y
ckt1q9gry5zgqf93jlnwulwcde5m2mmrgv4n4sdp5hvhy5w74l,ckb1qyqqyjce0ehw0hvxu6d4da35x2e6cxs6tktscr892t
ckt1q9gry5zge9thee9d0tggtzs6f7u9m2fv8kass2867g3l2v,ckb1qyqvj4muujkh45y93gdylwza4ykrmwcg9raqj0m292
ckt1q9gry5zge2puatc0avrrpfrtta568m7thfg3pdj9acvu78,ckb1qyqv4q7w4u87kp3s534476dral9m55gskezsr4udag
ckt1q9gry5zgm08zh3z4kzszqhu80qmaa4w44f8mccf3dgvdld,ckb1qyqdhn3tc32mpgpqt7rhsd776h265nauvycs5ruf78
ckt1q9gry5zgsms24l4uhdram065yl3sjtgpr9enfs4cu8kxjj,ckb1qyqgdc92l67tk37aha2z0ccf95q3jue5c2uqysj9wu
ckt1q9gry5zgrrtecv7ygj6j52xhvwmtedvg90qtkyyy6dsfh9,ckb1qyqp34uux0zyfdf29rtk8d4ukkyzhs9mzzzqg57k5f
ckt1q9gry5zgg7760gtnxx3f0u2ge522tkgvhuaumsqgynd577,ckb1qyqy00d859enrg5h79yv6999myxt7w7dcqyqy9dwxm
ckt1q9gry5zgmxent4tz5efv94suq9twy6sxyynsnj4w3299es,ckb1qyqdnve46432v5kz6cwqz4hzdgrzzfcfe2hq64mzx0
ckt1q9gry5zg3u2ql77mk2gqwln4sezf9du4ggwm2uwmh9t0e7,ckb1qyqg79q0l0dm9yq80e6cv3yjk725y8d4w8ds5decrw
ckt1q9gry5zghafyv3s6ujshy3d05r88xscahh9kmv9edmnq60,ckb1qyqt75jxgcdwfgtjgkh6pnnngvwmmjmdkzusyu0jy6
ckt1q9gry5zg3spr4xp6ncucxckdsxg08q37v5zk9j9ekqhv5k,ckb1qyqgcq36nqafuwvrvtxcry8nsglx2ptzezuss50g5p
ckt1q9gry5zg2aykvfpp0dvgc9ztu4dn3w5qnqzmeqma5tx9ry,ckb1qyq9wjtxysshkkyvz3972kech2qfspdusd7sygdg27
ckt1q9gry5zgu4qr4yeyqvtqf8xl7q4nfjj0y8hw965424sq2m,ckb1qyqw2sp6jvjqx9synn0lq2e5ef8jrmhza22shuey59
ckt1q9gry5zg8zu9689umnxmpq6ed4ppx2dzk8k7aqcegrslp0,ckb1qyqr3wzarj7dendssdvk6ssn9x3trm0wsvvspz5kqg
ckt1q9gry5zgkvxsyr89x2edhw9fpwdp6ef09uzq2krk70che8,ckb1qyqtxrgzpnjn9vkmhz5shxsav5hj7pq9tpmqe09m89
ckt1q9gry5zgaxm7lguetp38z2ep2zkylmx6pv7m3em74lmj30,ckb1qyqwndl05wv4scn39vs4ptz0andqk0dcualqknq3r7
ckt1q9gry5zg3h0g38h8txc6apuf2het2svrx9rzmvxqty2me3,ckb1qyqgmh5gnmn4nvdws7y4tu44gxpnz33dkrqqyndvq5
ckt1q9gry5zg0yrxqp0njrcktlzcp9h2jmdf94mul8l42ddc9v,ckb1qyq8jpnqqheeput9l3vqjm4fdk5j6a70nl6sd6pr4c
ckt1q9gry5zgkhklfyemhct9j62jvkv3ea3p4m6l4j4myy87ph,ckb1qyqttm05jvamu9jed9fxtxgu7cs6aa06e2asqnqmx2
ckt1q9gry5zgyhe0wu8fz09um5cprsv0acw9kkhnqrylvqrkss,ckb1qyqztuhhwr538j7d6vq3cx87u8zmttespj0s7cpk5s
ckt1q9gry5zgewudd76sjhmyzhc63znfpysf84jpr04lxvs0nd,ckb1qyqvhwxkldgftajptudg3f5sjgyn6eq3h6lsrn0wgd
ckt1q9gry5zgq4kyms734xzxc6sp72larukj4x8dv3lmz9wcsy,ckb1qyqq2mzdc0g6nprvdgql90737tf2nrkkglasmswt3v
ckt1q9gry5zgj7qjdm6kqkn47hlu3ppdyrak2f8y08c2jyqwgk,ckb1qyqf0qfxaatqtf6ltl7gsskjp7m9ynj8nu9qspt6as
ckt1q9gry5zg248w7krh8nhdjtwhc92kcauztyhvy5tyt2dw7a,ckb1qyq92nh0tpmnemke9htuz4tvw7p9jtkz29jqlereaf
ckt1q9gry5zgw2mj7kh0k2ufn0rav3rmnaz4409tyxran0l3p7,ckb1qyq89de0tthm9wyeh37kg3ae7326hj4jrp7saq0alg
ckt1q9gry5zg7ulyfyu9pcsgg6fjheknacycqltwdr354x2w4t,ckb1qyq0w0jyjwzsugyydyetumf7uzvq04hx3c6qrn7xps
ckt1q9gry5zgsyxwwstp9j8ffvwytmudfkvdyxnnlglgup72kl,ckb1qyqgzr88g9sjer55k8z9a7x5mxxjrfel505qx8c3lu
ckt1q9gry5zgtq9dq3vl8q24ajr5stpvu9zp5kr6639y7ymc78,ckb1qyq9szksgk0ns927ep6g9skwz3q6tpadgjjqgsch5g
ckt1q9gry5zgqfkj4t9r68we8r0gkztrzumew5303t6wjf3hmh,ckb1qyqqymf24j3arhvn3h5tp933wduh2ghc4a8ql4axfx
ckt1q9gry5zghke7j4nsqs2h0m74aadhwaexgrjzavcfmd9mx7,ckb1qyqtmvlf2ecqg9thal277kmhwunypepwkvysqg295r
