ckb1qyqxtq3klrhkqtlcqsr5q2f8ue5tx8wsfg6qe3xqq6,24248330
ckb1qyqf2qr9s7j3r2y9hpjhwvl3vy6gtpz7qefq6nt2wq,15887410
ckb1qyqp4eye5c6uakhr7x0qr4alecegv0ex98jq7pa5zl,10761461
ckb1qyqw0mf5uvmmy3gazmpcekn6pzld2y2vx5fqz6jyh9,8863511
ckb1qyqfgzlq03v2agzyt9gxhnulg44rfn439ndqmxlqmm,8103121
ckb1qyqy5dr9z7m83q5a66myk7t3zlju8klyw8psufuskg,6188360
ckb1qyqrvat5wwep9dkc9nwpf3525fzlvlsjdm2slnv5te,5296629
ckb1qyqqqqdvcutavsjwumhamp8qckl0hrjy4zwqzlw9pc,4193006
ckb1qyqx4k7q9ktyxf8c80m3tu7jmjyry252mhxqase72f,3646243
ckb1qyqy800lxa3xgn0a9tgtfmyjxplq32w264kqcjvwdx,3333000
ckb1qyqg7qq8gzvt559xnkkgnscjpxeernrl56tsf4nfsp,2304504
ckb1qyqrfrxm8mtj22zys6etdkn604n2x7sc7hqq53d3e7,1490061
ckb1qyqrmenwr2qf4ysxtq0gllpxdtdtvn2f8dxs80gkhg,1473645
ckb1qyqpz5zazmkl7elptqeslmu6lsjnpzuwzussxe8w5m,1127658
ckb1qyqwnq822l6y99q933y3xuylf6gez3awszssk8spvx,435625
ckb1qyqrqdw8erqpavelse70akm2ms245gzl9tjqg22sq3,326347
ckb1qyqg35a5wwhdxdxjscu0v9d763s54ewf7vds2q6g9a,317803
ckb1qyqd7mu3kzyddl85h95suy6fx74nmzaq3pjql47y3p,308110
ckb1qyqdeyg7e6y4328x8y5hka4ajr5hszak60ts83ve2h,284063
ckb1qyqvy79h9avgmn97zpc8ae9cfphdnyr68pcsznh05y,261858
ckb1qyq2wj8prvzjnwj3vq7g8ylzjansq4dey7wqlkt7rc,250119
ckb1qyq90rxqgtxz09fpsp97tpm73l5xu994kfdsc9ckwp,227925
ckb1qyqd5eyygtdmwdr7ge736zw6z0ju6wsw7rsspzh8q9,215646
ckb1qyqwd7m8wmgme0sz5dtkncjjcnkjtn7j2vvqe090a9,201774
ckb1qyq8xesqxpk5637f27c6l5c6cwurkw9d5mfsh8464f,178102
ckb1qyqg6a2y42w089mrvwtgqrmw4fmxtpu8hrhsh002f0,166813
ckb1qyqt0ya2v24r4ttvz2pq0mlvved37hqw4k5sg33vmr,147876
ckb1qyqfyxcmutz9nl0vflt4cfngyp3qgu5fs8pswltgvj,147176
ckb1qyqdlykn7zhp2k8jy37nu7lt4a8ezt0ujqpsltq2jw,146796
ckb1qyqq9jvt2h9j7k4s9hvwtsywxdmc4t7rky4sj4gwtm,142637
ckb1qyqf6vuvskf92sfzyuqrhnujs3kmq9cw8rysrvukru,125713
ckb1qyqguvauc59s3wtxy6hq00va3z3dk9rufxrs2muswu,114076
ckb1qyqzlyau66fqcyrd54n8ffkuq0c4a2h0ynxqwzkl0s,99025
ckb1qyqtfz7t2wmgt8s7xgk3a8sqlp5d85tm2u8s4aa0kn,93292
ckb1qyqz92ktkp5c6wtc7s97sp8vdmq4459z73es5kjw3e,91615
ckb1qyq2sl7u0vsv4xsjj9dctyunsy8mp7fsh5vq82s6sw,91500
ckb1qyq8mpjcpd2phvsa24sreadx7dxf2zcdrpnqd6zhqk,90791
ckb1qyqvtkgftj6rpweujcj6gy5dq0sl0xkdmraqavutlf,88487
ckb1qyqga7eykxpf9puzxk5dfyttsdz692fmhn7qntjgv0,81607
ckb1qyqgh4mkuaq3v06fpqwgvtrh3ve7e58862qqt963dz,79855
ckb1qyq9r4es7h95z47eehuqg9dnew77cr456krqdqlgkt,76745
ckb1qyq89g4xng80u2aplql42r0s7gp36dwd3udq8qzk2c,68324
ckb1qyqxq2wejdh4v0n9cka6slvje4arcl52sjfq9l9kxf,58560
ckb1qyqpwn0pdyttdn5ds08vpna9nxkq69vmzx9s7eg9h9,57740
ckb1qyq9h9wmupyrgycchsa3w0ts203j0jaf839qkcjerh,49681
ckb1qyqternnxwn7mr0jvxn535afqcaq0lxsp8qqpmvzkc,47829
ckb1qyq056hpysc2am6frhs0m5wuajh6k9yc74mq5tzu0s,44469
ckb1qyqf2cx758x8qgku9ldu07775kfmqezjl0yst38r3r,40424
ckb1qyqxnnazwqcsqqs4e27nu9stmaeujepk877q0qgx5q,39275
ckb1qyqwc7kneveqfvxxeylgjm0dwf2lxpxrdmnspp9zpl,37716
ckb1qyq98gr2gxk84jmf902zemthjxzs4g0x9q0ssh4nlq,36730
ckb1qyqg8t69aqm96x7pfgcswc7d2netmu6urv4qgg9mcf,35547
ckb1qyqr09rdnc7ttfq4ru59tja06qgq74c2w2ssrxllwy,35512
ckb1qyqxd6z4evdauxtf40a7qyy3vyy5guvfkztqg5lkpt,34777
ckb1qyq2wnhekg8qwhcpkc3wrr0lu9qpr0a4cu8q9lgyyz,32064
ckb1qyqth9ufl9gquzh932cq0qyxxjqrxzhczrvqd32j5k,31716
ckb1qyqwytml8pvrpf672z4hl30afs6mzd83ap9s9y39gk,30266
ckb1qyqpq8e2jh5wztleg5ymksjklk5423plwk6q990gmh,29776
ckb1qyq9t50cuw7lyy5z9eq5v5xn29xcv3ev6txqy2hczj,28731
ckb1qyqrt8rtqgcm6vgqz0cddqnl9sw705t3gqyq8lfym9,28589
ckb1qyqfjp95r6luwfrra53vvc629845plcn0lrszxaf8a,26635
ckb1qyqf0lp5gg0677m0m4gptj83m9hwtj0czhpqjmqdd0,25889
ckb1qyqq0y7l3g05e2gz0aldpfm0ns9jlaea07cquks6e9,25348
ckb1qyqx2tmp8xfxspykmyftdj07k49tu9clux5s3r8k39,24410
ckb1qyqqrk52ltsmjhq3yf2t8c2n452ykde5xdyqffpta3,24298
ckb1qyqt7vhn373ca7j2dhyzucat99v3g3mrg6eqjzff8y,23284
ckb1qyqwelupggzuv90peygugkjsxjjw5s03xkpsxcxc5h,22842
ckb1qyqqxtrpkhfqy8lc0ecvswpg9d7vka809hzsgq9c26,21684
ckb1qyqtavsstjlqhdnyxa7pnhuhkur2ldrd03as92e83q,20134
ckb1qyqt3qgjjcmw58r03437jye5pkq3gjdzgg0se3g5vd,19798
ckb1qyq9pt4sgmhj6jy6rxd0wahfr0aq7fm5sfaqthcp6t,19565
ckb1qyqf8tpyll44gvk08krs7fahjcfaf4mke3vqcr3zpv,19524
ckb1qyqf0kj6f3xgfvzzpwhj55l84vhtf8t4v6msfmyy97,17754
ckb1qyq8lku2urssm7a7cwfyu6jvwf0vs36k4wcq3kheks,17376
ckb1qyqdu930dpwm7ge4r9hk7fad95tzd5uaf3fs36dj4f,17163
ckb1qyqdmuxvygp5nmf0erz8cccn0cyqlzw27nlqjfsl4m,16456
ckb1qyqdffdqw3kavmsjgqepwhkedg2n8yks2wwszj6vpm,16260
ckb1qyqwd04ljvu4fvm2d2cd2a6dqh4lrxqcq9vsue3ldh,16082
ckb1qyqp62atzxnekup5epk4ypfm8cu7mwala6zske7u38,16049
ckb1qyq0dnnrpc60g8txw9kshadkr9edhm0p6rmqdxznwj,15885
ckb1qyqvqm6hltr3zm9r04xyfx2960v652x87wlqmj87aj,15672
ckb1qyqf7ewv2x8d5u5q4frvcy6aqe0vrkmll93qqkvp0x,15039
ckb1qyqps5ux5g76qa033lwwhjupjsye0f8ry8kqjuczp0,14974
ckb1qyqyar3luwvmha83kpuw4hmawx87uwnlrwxszpzl2p,14332
ckb1qyq96leec8meaajy3p8cxmdnzdqnrmmjmussalnfaa,14242
ckb1qyqy605ktqj3r7wy3q39jdjy3rj833shrz2q7pxacy,14110
ckb1qyqp0q9cqau7ys3g02j99wlkkpy48zwdvpxqyk7p26,14000
ckb1qyq9y7h07vdp9shfe2elqkhkysgpuk8w2yeqfnhe5h,13552
ckb1qyqw67xu9ndcck6uype64llhrhljw89yn0wqa0epyk,12997
ckb1qyqy2gxlc9jcm6uru3eevmhwtat7rpu8skfsz0e9yz,12628
ckb1qyqq2zps8gw5vmpplksevmk37utlf5mu6mnqhhtfk2,12378
ckb1qyqtqx0nusttghtyjvndv4tu7pkh5cyxtn7smfp3v2,11567
ckb1qyq9nc2w7pew7xgme7s0az785syljkkj2crqvc0ehn,11171
ckb1qyqxgftlqzmtv05cwcyl4xlz6ryx6dgsyras0xl4jh,11000
ckb1qyqd08upj9pe5l9w00kyp56xuydzt3kqnj5s6g3sdd,10737
ckb1qyqgvs20q5n706cd5ls7zx4c3jmcayy90yaq6kl0cw,9672
ckb1qyqtdtpe2lx7p3cejdd7p7vsfjs76nz7q7dsmf0vyj,9141
ckb1qyqz5paqynclhsekdykfy449xq78x25qpwxsqerwpx,8988
ckb1qyqzz089fk6vzun584vwp9r2tg3vp95vzt3ss40c9p,8959
ckb1qyqfsdamcvsx2kqn2unhxtx53wrx05kx283sxfqtse,8952
ckb1qyq92qf7vk2vh27qmpd2wzugyq6agap5ca8q7ndwua,8370
ckb1qyqypew8k70uyddk8hw83dnglq3mxslk6s6svvenj6,7914
ckb1qyqp2zetnr0x2gk0qhtp53ts99r2g2ushv4s96srer,7718
ckb1qyqr0t9la7d7m932h6umnp573lylqref3llqtnnjhl,7472
ckb1qyq09d4xezt5k0ccjldjvnwnksf77a8h6zpqcv520p,7230
ckb1qyqquuc2cg6em5xza3drpwef4y78rx8fq72sqjmc7d,7111
ckb1qyq0ckqdcugm7dyql543lryd0p6fwnnr7fess7h6vw,6656
ckb1qyqg7wknllep58y2fa6mv5kghtn5l4e8xauqtqkq3j,6571
ckb1qyqqwk2fz4j3ahcmztqk9a6zzyhulayml8rsw3ey0g,6533
ckb1qyq96xh2z3xpghclw7435ek9s30wunzy6zhs3302jf,6466
ckb1qyqdwqaazrkrt4e5svk2nuhfxp595h543dfq47rmrj,6289
ckb1qyqyrzkyfpdrm05zyyepkfykx88cfydnrlgsryfcfk,6082
ckb1qyqd92p7fd2yp49m2sq22jzum8w7emwqs7ds6hz4ls,6014
ckb1qyqy94l7wytuwy4j3c686zy9v08zkga9hw6ql7zr7w,5958
ckb1qyq8jakxh4vzpyf4eqx7fulcqzxsqf53gm9qkq5vjc,5889
ckb1qyqyte45xkzfdj7vgf9e3rna0y6hg5m4dm4qa6qagd,5751
ckb1qyqq6dkntrwtp5c5fk3uep05lztrlmuwea8svwtqsz,5552
ckb1qyqqgh4c66uj4m7hecsls9c788kgu5dnysyq2phu0n,5472
ckb1qyqg787cvvkh7kxute0r2fw3ds7cglklhm7q459d0l,5464
ckb1qyq2nmgn46gzlze73q2re5l3cjwuw9lpfucqp7pkrd,5214
ckb1qyqw7taa8mxgpa9rrl6ky62r74a9cllyxsjs89nx09,5207
ckb1qyq8m92xdccz6cjtsz9qy5vhpzrpsmlzk7xs3gfvew,5123
ckb1qyqttgn7dvqaxzgntvrq388pj23x0n4d4r4qd7v22d,5082
ckb1qyqg5k3ax060ag62f3lf9za6f39f70l95wqs3p5l9x,5026
ckb1qyqzgsqjwp92wu6qe9mf2gwvukw7mt9zqldq3h0h6n,4842
ckb1qyqv6mf8qmqsn3jp75dkh3uh96aduxpsj24q3kmpd6,4776
ckb1qyqvxkmlf34rmuarvq2pctprt09sf2lnvk6satyd97,4686
ckb1qyqvjf8vzztfkq9wvc2509lx38j2qcwnrkcq0ydxud,4510
ckb1qyqt2vstf8suzuvrs422c9wsdt798uxjfzes7j7u5y,4459
ckb1qyq9cv0gkur0r6tczg3sc3taccfcpx0emm6q3975eg,4375
ckb1qyqynpltj6kms0snlkmzh7cd4rvs0g35kz3qczqssf,4164
ckb1qyq2gjqg3wp5heuuamnsd935dlgattc7q88s8gkufl,4164
ckb1qyqvxs5pcfxclvwlqernde9tdnnfrfml6v0smvfvq0,4163
ckb1qyqft07awrphwayjuh9kdsws7trq6hhehtdq39sq78,4131
ckb1qyq0rndx9wvl6m8w7wqff99dn0j5myk90t5qdnsl80,4052
ckb1qyqzw2pfrzz9s2t4yp97d48std8xcprhvf5spjqrng,3822
ckb1qyqdlgg08lssp4wyh60vjsu0ervwcl5wmtfq4khstl,3702
ckb1qyqpxf7a9gts96dg30fj4pese3a2vlrudxsqn45l62,3557
ckb1qyqwxvzr73rzx0n375qd7xvjn6v85d73ryksh65fuf,3533
ckb1qyq90n9s00ngwhmpmymrdv8wzxm82j2xylfqhckaww,3463
ckb1qyq97qx94q60ucdttnnr7cshcag6e2l8tmssks2uwe,3408
ckb1qyqt8y2hj80ewswd2pl5xvvvxmnvw3d9kswq2ygygt,3341
ckb1qyqvrt2z2sgr48mmfvythn9j6lhed7ruvvmslmf4yr,3286
ckb1qyqysusfr7pyu0z4f63kwtt7ldlpvcu08agq3z9tzv,3082
ckb1qyqyrl4qv0ndz587amwy6vsurz5mx5gywvfq78fq5g,3055
ckb1qyqzele8jg8n9rct0evdxu3rs870vvasmxtqmtplkp,2954
ckb1qyqg48269plmy0q62wyfsmha4zl8ypheszuqjmp2rm,2919
ckb1qyq0qj64sqem5jvqjgptt00ueghzpwqk2auqgwfqxr,2776
ckb1qyqpr29t6wuspnuvht9zq3dmv0vyrsnqewssx0x0y2,2767
ckb1qyqrgmn8zu9x0yrelxaael0sdz4kpksd9x6sfqgwvl,2741
ckb1qyqz048s2fgjqs9m2dng7y565hxcsl22yypqnx4ej5,2717
ckb1qyqxpnac328fwa299ahf3vwyf3y9pc9m29xqvx36q2,2604
ckb1qyq0sn9sycy2qj79m2988zdwp5sz7pqdwrhsvm49hn,2566
ckb1qyqduhqr23mh94ywhdcpecveucqhfrxn88as2vph24,2501
ckb1qyqraj85wy9vzhh6rq8yzn63f84dnqwyjq2s4m4d6y,2426
ckb1qyq2e0tgl04r68x7palacju2r74yl8ufhtxsm04fwj,2410
ckb1qyqv3hmc0rue32ep0d7wx82224ydxkfchfksseghsx,2376
ckb1qyqqa40tfkfd6mme8kp5gjp05v82sm83dafqpd65r4,2345
ckb1qyq9w2det6agvx00yy5n2245y6ra3g69gp2qqeczuj,2162
ckb1qyqr2nvjy9w3ytm87570jsyu0lfzhmmrpekqa3rjxx,2151
ckb1qyqzdhf6e6al90ug9hxgyxq322sgpr9pcf0qyydaj5,2093
ckb1qyq04zlr2kj6ghpv6y3p8397vt789dc6nexssk95dz,2082
ckb1qyqv30rg7ufq3tgkeduacy29pmkvdgqerxvsv55wjw,2082
ckb1qyqfwgmfugppeq4ml2ahmgylng6nm9h6ck3s6fezle,1889
ckb1qyqgzdvs7qthzpvwv058ntrmgehwj60j8desp4edle,1859
ckb1qyq8v0kyw37rtxhf7lafdzapd306405ra04qm73csf,1719
ckb1qyqv4zgrvenfjddpyy7rra8lutpq8mgq4d6qjahm8n,1633
ckb1qyq9a2m2xklm8adx5h0sjsl5hv98yhyyeaxqt6wa9w,1566
ckb1qyq89ny3wfuxyhkg0jph8ch8a757w0taeufs7x6vkv,1558
ckb1qyq8un5qq24hugfqpha5zr4j50smxsryg3kqldv3zr,1388
ckb1qyqt2h988qpze6v0z648t9pyw5fg4ufchx6swjrayr,1388
ckb1qyqy0qrrjjqsa6z0xl5vup2lrqz6y4x0qzmqfkfsvu,1388
ckb1qyqyks0yh9fngm2evkeclg37shggzpkh2kfqludgtd,1388
ckb1qyqthxp56979u2tzxctsfz8lyp8geyx7uk6shf8t5p,1243
ckb1qyqqz6x8jtem6han96jwwyhmhy2j6e0dvvus3exae3,1119
ckb1qyq2uuq03c0sjpz7r05mee9w8jex388ptuyqr8wfl7,1102
ckb1qyqzlcwe32f28zp6f57m3zcksufy5gen2zjsaydh6x,1085
ckb1qyqzcw23ttw562kygm9z9unnrewhe8dqvk8qdmpaxu,1081
ckb1qyqzmulnq4cm0v00lpxg30uzx6aw5jld2g4sqldktd,1081
ckb1qyqfvfl79f3hsre32m0duae0hehyw7n3n0zss3vd4h,1018
ckb1qyqg6tu2fk527llvvyssz0p62v57uurlgpas602eda,1000
ckb1qyqy5ks9sv6l8ph8h4x2x3gmlfqs94h020lqe6tcz8,851
ckb1qyqw0wnyzr0jxc73yl5ynql8dnd77xn44h2qharnec,803
ckb1qyq2s8v3ful7lnuzccydhngkk6r90ndmsmzqd62eam,803
ckb1qyqvhk98y6w7jxlan0czfl4c9zy63d5l8jkqxmnup3,783
ckb1qyqrumsn9dpmtxq2hwqusmv2qwup5p655y8qy6dhg9,708
ckb1qyqrd92wx78nrqawk63c3l6jujh8pfdflkcsafm72k,694
ckb1qyqgmfft9hde83gzjk45e2hfprlk8j5k0l7qfh7g3h,694
ckb1qyqgu675zqhvrtm65ruvj9a6hk3lz9hpxlxsa4y3r5,694
ckb1qyqr3rd6frj0nf0yws4xd2rt8gphp6age5dszh95qw,694
ckb1qyq04cye86fy7hesl4uvlz4x08vntajrn77qp5fd4u,694
ckb1qyqtemx77t62tvgav076n86ec0tsvu3p9uxshn9tl3,694
ckb1qyqf53e2jj2p2ywq3h3psawmraesntuvszpq0zjt28,694
ckb1qyqgew2ukgvz3khfheezxymhamzsv0n66kas8qfvj9,694
ckb1qyq8m0hgrgjnurkp4rn8488ruzstq79mpzasdut2nq,694
ckb1qyqtyhqh5gjuw26wd52phw2y7k8c6zxqw3nqu4fxcn,694
ckb1qyqww8a957nkd3vgz7ec4wpzga5uhcjehmsq983p4y,694
